id,checking_balance,months_loan_duration,credit_history,purpose,amount,savings_balance,employment_duration,percent_of_income,years_at_residence,age,other_credit,housing,existing_loans_count,job,dependents,phone
522,unknown,24,critical,car,2022,< 100 DM,1 - 4 years,4,4,37,none,own,1,skilled,1,yes
738,unknown,12,good,furniture/appliances,2141,100 - 500 DM,4 - 7 years,3,1,35,none,own,1,skilled,1,no
741,unknown,20,critical,car,3485,unknown,< 1 year,2,4,44,none,own,2,skilled,1,yes
661,unknown,18,good,furniture/appliances,1453,< 100 DM,< 1 year,3,1,26,none,own,1,skilled,1,no
412,unknown,6,perfect,car,1204,100 - 500 DM,1 - 4 years,4,1,35,bank,rent,1,skilled,1,no
679,unknown,12,good,car,4675,unknown,< 1 year,1,4,20,none,rent,1,skilled,1,no
627,1 - 200 DM,30,critical,car,2181,unknown,> 7 years,4,4,36,none,own,2,skilled,1,no
514,unknown,24,good,furniture/appliances,929,unknown,4 - 7 years,4,2,31,store,own,1,skilled,1,yes
860,unknown,18,good,furniture/appliances,1505,< 100 DM,1 - 4 years,4,2,32,none,other,1,management,1,yes
137,> 200 DM,6,good,furniture/appliances,2116,< 100 DM,1 - 4 years,2,2,41,none,own,1,skilled,1,yes
812,< 0 DM,10,good,furniture/appliances,2315,< 100 DM,> 7 years,3,4,52,none,own,1,unskilled,1,no
77,< 0 DM,12,critical,car,4843,< 100 DM,> 7 years,3,4,43,none,rent,2,skilled,1,yes
637,< 0 DM,36,good,furniture/appliances,2302,< 100 DM,1 - 4 years,4,4,31,none,rent,1,skilled,1,no
974,< 0 DM,12,critical,car,2171,< 100 DM,1 - 4 years,4,4,38,bank,own,2,unskilled,1,no
939,unknown,30,critical,furniture/appliances,5771,< 100 DM,4 - 7 years,4,2,25,none,own,2,skilled,1,no
900,unknown,12,good,car,2390,unknown,> 7 years,4,3,50,none,own,1,skilled,1,yes
281,1 - 200 DM,48,poor,business,6681,unknown,1 - 4 years,4,4,38,none,other,1,skilled,2,yes
884,1 - 200 DM,30,critical,car,5234,< 100 DM,unemployed,4,2,28,none,own,2,management,1,no
762,1 - 200 DM,48,good,furniture/appliances,9960,< 100 DM,< 1 year,1,2,26,none,own,1,skilled,1,yes
320,1 - 200 DM,18,critical,car,884,< 100 DM,> 7 years,4,4,36,bank,own,1,skilled,2,yes
550,unknown,18,good,furniture/appliances,2051,< 100 DM,< 1 year,4,1,33,none,own,1,skilled,1,no
175,< 0 DM,12,good,furniture/appliances,1107,< 100 DM,1 - 4 years,2,2,20,none,rent,1,management,2,yes
372,unknown,30,poor,business,4272,100 - 500 DM,1 - 4 years,2,2,26,none,own,2,unskilled,1,no
528,< 0 DM,12,good,furniture/appliances,1262,unknown,> 7 years,2,4,49,none,own,1,unskilled,1,yes
211,1 - 200 DM,9,critical,education,1501,< 100 DM,> 7 years,2,3,34,none,own,2,management,1,yes
236,> 200 DM,6,critical,car,1299,< 100 DM,1 - 4 years,1,1,74,none,own,3,unemployed,2,no
102,1 - 200 DM,18,good,furniture/appliances,1301,< 100 DM,> 7 years,4,2,32,none,own,1,unskilled,1,no
987,< 0 DM,12,good,furniture/appliances,1620,< 100 DM,1 - 4 years,2,3,30,none,own,1,skilled,1,no
903,unknown,18,poor,business,2169,< 100 DM,1 - 4 years,4,2,28,none,own,1,skilled,1,yes
948,> 200 DM,12,critical,car,939,500 - 1000 DM,4 - 7 years,4,2,28,none,own,3,skilled,1,yes
347,1 - 200 DM,24,poor,business,4712,unknown,1 - 4 years,4,2,37,bank,own,2,management,1,yes
140,unknown,24,good,furniture/appliances,3105,unknown,< 1 year,4,2,25,none,own,2,skilled,1,no
622,< 0 DM,48,good,car,7763,< 100 DM,> 7 years,4,4,42,bank,other,1,management,1,no
500,1 - 200 DM,20,perfect,car,6148,100 - 500 DM,> 7 years,3,4,31,bank,own,2,skilled,1,yes
371,unknown,24,critical,renovations,2058,< 100 DM,1 - 4 years,4,2,33,none,own,2,skilled,1,yes
199,1 - 200 DM,24,perfect,business,4241,< 100 DM,1 - 4 years,1,4,36,none,own,3,unskilled,1,yes
688,< 0 DM,18,good,furniture/appliances,2659,> 1000 DM,1 - 4 years,4,2,28,none,own,1,skilled,1,no
585,unknown,48,critical,car,2751,unknown,> 7 years,4,3,38,none,own,2,skilled,2,yes
902,unknown,15,critical,car,5045,unknown,> 7 years,1,4,59,none,own,1,skilled,1,yes
60,1 - 200 DM,12,good,car,1295,< 100 DM,< 1 year,3,1,25,none,rent,1,skilled,1,no
329,1 - 200 DM,36,good,furniture/appliances,2671,100 - 500 DM,1 - 4 years,4,4,50,none,other,1,skilled,1,no
97,1 - 200 DM,12,good,education,754,unknown,> 7 years,4,4,38,none,own,2,skilled,1,no
313,unknown,30,critical,furniture/appliances,4530,< 100 DM,4 - 7 years,4,4,26,none,rent,1,management,1,yes
975,unknown,11,critical,car,1393,< 100 DM,< 1 year,4,4,35,none,own,2,management,1,no
300,unknown,24,good,furniture/appliances,1552,< 100 DM,4 - 7 years,3,1,32,bank,own,1,skilled,2,no
278,unknown,15,critical,furniture/appliances,2788,< 100 DM,4 - 7 years,2,3,24,bank,own,2,skilled,1,no
925,> 200 DM,18,good,furniture/appliances,2100,< 100 DM,1 - 4 years,4,2,37,store,own,1,skilled,1,no
602,1 - 200 DM,18,good,business,1913,> 1000 DM,< 1 year,3,3,36,bank,own,1,skilled,1,yes
440,1 - 200 DM,12,good,furniture/appliances,1484,unknown,1 - 4 years,2,1,25,none,own,1,skilled,1,yes
838,unknown,18,good,furniture/appliances,3422,< 100 DM,> 7 years,4,4,47,bank,own,3,skilled,2,yes
571,unknown,12,critical,education,2096,< 100 DM,4 - 7 years,2,3,49,none,own,1,unskilled,2,no
880,1 - 200 DM,24,good,furniture/appliances,1967,< 100 DM,> 7 years,4,4,20,none,own,1,skilled,1,yes
262,< 0 DM,12,critical,furniture/appliances,2246,< 100 DM,> 7 years,3,3,60,none,own,2,skilled,1,no
579,unknown,18,good,car,3378,unknown,1 - 4 years,2,1,31,none,own,1,skilled,1,yes
24,unknown,24,critical,furniture/appliances,2684,< 100 DM,1 - 4 years,4,2,35,none,own,2,unskilled,1,no
31,< 0 DM,11,critical,car,3939,< 100 DM,1 - 4 years,1,2,40,none,own,2,unskilled,2,no
618,unknown,48,critical,car,10127,500 - 1000 DM,1 - 4 years,2,2,44,bank,other,1,skilled,1,no
11,1 - 200 DM,18,good,car,2779,< 100 DM,1 - 4 years,1,3,21,none,rent,1,skilled,1,yes
222,< 0 DM,39,critical,furniture/appliances,14179,unknown,4 - 7 years,4,4,30,none,own,2,management,1,yes
821,unknown,24,good,car,3488,100 - 500 DM,4 - 7 years,3,4,23,none,own,1,skilled,1,no
297,unknown,48,good,business,4844,< 100 DM,unemployed,3,2,33,bank,rent,1,management,1,yes
55,unknown,18,poor,furniture/appliances,2320,< 100 DM,unemployed,2,3,34,none,own,2,skilled,1,no
543,< 0 DM,12,good,car,1893,< 100 DM,1 - 4 years,4,4,29,none,own,1,skilled,1,yes
210,< 0 DM,15,good,car,1403,< 100 DM,1 - 4 years,2,4,28,none,rent,1,skilled,1,no
605,> 200 DM,15,good,education,392,< 100 DM,< 1 year,4,4,23,none,rent,1,skilled,1,yes
693,1 - 200 DM,36,good,renovations,2384,< 100 DM,< 1 year,4,1,33,none,rent,1,unskilled,1,no
663,1 - 200 DM,12,good,car,888,< 100 DM,> 7 years,4,4,41,bank,own,1,unskilled,2,no
867,< 0 DM,36,critical,car,9629,< 100 DM,4 - 7 years,4,4,24,none,own,2,skilled,1,yes
71,> 200 DM,10,critical,furniture/appliances,1347,unknown,4 - 7 years,4,2,27,none,own,2,skilled,1,yes
544,< 0 DM,6,critical,car,609,< 100 DM,4 - 7 years,4,3,37,none,own,2,skilled,1,no
108,< 0 DM,14,good,car,8978,< 100 DM,> 7 years,1,4,45,none,own,1,management,1,yes
494,unknown,24,good,furniture/appliances,3062,500 - 1000 DM,> 7 years,4,3,32,none,rent,1,skilled,1,yes
591,unknown,12,good,car,1884,< 100 DM,> 7 years,4,4,39,none,own,1,management,1,yes
742,unknown,12,good,business,1542,< 100 DM,4 - 7 years,2,4,36,none,own,1,skilled,1,yes
293,< 0 DM,6,critical,furniture/appliances,1169,unknown,> 7 years,4,4,67,none,own,2,skilled,1,yes
290,< 0 DM,12,good,furniture/appliances,708,< 100 DM,1 - 4 years,2,3,38,none,own,1,unskilled,2,no
653,< 0 DM,6,good,education,448,< 100 DM,< 1 year,4,4,23,none,own,1,skilled,1,no
40,< 0 DM,6,critical,furniture/appliances,338,500 - 1000 DM,> 7 years,4,4,52,none,own,2,skilled,1,no
590,1 - 200 DM,60,very good,car0,14782,100 - 500 DM,> 7 years,3,4,60,bank,other,2,management,1,yes
308,< 0 DM,24,good,furniture/appliances,1823,< 100 DM,unemployed,4,2,30,store,own,1,management,2,no
680,> 200 DM,12,good,furniture/appliances,3016,< 100 DM,1 - 4 years,3,1,24,none,own,1,skilled,1,no
67,1 - 200 DM,24,poor,furniture/appliances,1553,100 - 500 DM,4 - 7 years,3,2,23,none,rent,2,skilled,1,yes
276,unknown,15,very good,furniture/appliances,1569,100 - 500 DM,> 7 years,4,4,34,bank,own,1,unskilled,2,no
68,1 - 200 DM,30,very good,furniture/appliances,3496,> 1000 DM,1 - 4 years,4,2,34,store,own,1,skilled,2,yes
319,unknown,9,good,furniture/appliances,1478,< 100 DM,4 - 7 years,4,2,22,none,own,1,skilled,1,no
549,unknown,21,good,business,1572,> 1000 DM,> 7 years,4,4,36,bank,own,1,unskilled,1,no
999,unknown,27,good,car,2570,< 100 DM,1 - 4 years,3,3,21,none,rent,1,skilled,1,no
715,unknown,10,critical,furniture/appliances,2146,< 100 DM,< 1 year,1,3,23,none,rent,2,skilled,1,no
754,1 - 200 DM,24,critical,car,3878,100 - 500 DM,< 1 year,4,2,37,none,own,1,skilled,1,yes
328,< 0 DM,36,poor,business,2145,< 100 DM,4 - 7 years,2,1,24,none,own,2,skilled,1,yes
383,< 0 DM,21,good,furniture/appliances,3599,< 100 DM,4 - 7 years,1,4,26,none,rent,1,unskilled,1,no
452,unknown,36,critical,car,10477,unknown,> 7 years,2,4,42,none,other,2,skilled,1,no
523,< 0 DM,42,good,furniture/appliances,7882,< 100 DM,4 - 7 years,2,4,45,none,other,1,skilled,2,no
219,unknown,18,critical,furniture/appliances,1169,unknown,1 - 4 years,4,3,29,none,own,2,skilled,1,yes
788,< 0 DM,10,critical,furniture/appliances,2132,unknown,< 1 year,2,3,27,none,rent,2,skilled,1,no
437,unknown,6,critical,furniture/appliances,1237,100 - 500 DM,1 - 4 years,1,1,27,none,own,2,skilled,1,no
765,unknown,15,good,furniture/appliances,3568,< 100 DM,> 7 years,4,2,54,bank,rent,1,management,1,yes
89,> 200 DM,12,very good,business,609,< 100 DM,< 1 year,4,1,26,none,own,1,unemployed,1,no
64,1 - 200 DM,48,good,furniture/appliances,3060,< 100 DM,4 - 7 years,4,4,28,none,own,2,skilled,1,no
827,< 0 DM,48,good,business,4308,< 100 DM,< 1 year,3,4,24,none,rent,1,skilled,1,no
717,unknown,12,good,furniture/appliances,3077,< 100 DM,1 - 4 years,2,4,52,none,own,1,skilled,1,yes
352,1 - 200 DM,6,critical,education,932,unknown,4 - 7 years,1,3,39,none,own,2,unskilled,1,no
937,unknown,24,good,car,1249,< 100 DM,< 1 year,4,2,28,none,own,1,skilled,1,no
257,unknown,36,critical,car,5842,< 100 DM,> 7 years,2,2,35,none,own,2,skilled,2,yes
636,unknown,30,critical,furniture/appliances,2831,< 100 DM,1 - 4 years,4,2,33,none,own,1,skilled,1,yes
645,unknown,33,critical,car,7253,< 100 DM,4 - 7 years,3,2,35,none,own,2,management,1,yes
555,> 200 DM,24,good,car,947,< 100 DM,4 - 7 years,4,3,38,bank,other,1,skilled,2,no
960,< 0 DM,12,perfect,furniture/appliances,6199,< 100 DM,1 - 4 years,4,2,28,none,rent,2,skilled,1,yes
169,< 0 DM,30,perfect,furniture/appliances,4583,< 100 DM,1 - 4 years,2,2,32,none,own,2,skilled,1,no
918,1 - 200 DM,27,good,business,2528,< 100 DM,< 1 year,4,1,32,none,own,1,skilled,2,yes
529,> 200 DM,42,perfect,business,6289,< 100 DM,< 1 year,2,1,33,none,own,2,skilled,1,no
824,unknown,12,critical,furniture/appliances,5801,unknown,> 7 years,2,4,49,none,rent,1,skilled,1,yes
986,< 0 DM,12,good,furniture/appliances,2578,< 100 DM,unemployed,3,4,55,none,other,1,management,1,no
817,unknown,36,poor,furniture/appliances,4463,< 100 DM,1 - 4 years,4,2,26,none,own,2,management,1,yes
87,unknown,18,critical,furniture/appliances,629,500 - 1000 DM,> 7 years,4,3,32,bank,own,2,management,1,yes
433,unknown,60,good,car,10366,< 100 DM,> 7 years,2,4,42,none,own,1,management,1,yes
185,unknown,5,good,business,3448,< 100 DM,4 - 7 years,1,4,74,none,own,1,unskilled,1,no
979,< 0 DM,24,good,furniture/appliances,3660,< 100 DM,1 - 4 years,2,4,28,none,own,1,skilled,1,no
535,< 0 DM,12,good,car,759,< 100 DM,4 - 7 years,4,2,26,none,own,1,skilled,1,no
295,1 - 200 DM,8,good,furniture/appliances,1237,< 100 DM,1 - 4 years,3,4,24,none,own,1,skilled,1,no
893,unknown,15,good,furniture/appliances,2186,unknown,4 - 7 years,1,4,33,bank,rent,1,unskilled,1,no
426,< 0 DM,42,critical,renovations,3394,< 100 DM,unemployed,4,4,65,none,own,2,unemployed,1,no
714,unknown,36,poor,furniture/appliances,7678,500 - 1000 DM,4 - 7 years,2,4,40,none,own,2,skilled,1,yes
261,> 200 DM,9,good,furniture/appliances,1126,100 - 500 DM,> 7 years,2,4,49,none,own,1,skilled,1,no
238,< 0 DM,6,critical,furniture/appliances,1872,< 100 DM,unemployed,4,4,36,none,other,3,management,1,yes
560,unknown,30,good,car,4811,unknown,4 - 7 years,2,4,24,store,rent,1,unskilled,1,no
584,unknown,9,critical,education,1244,unknown,> 7 years,4,4,41,none,rent,2,unskilled,1,no
446,< 0 DM,24,critical,furniture/appliances,1231,> 1000 DM,> 7 years,4,4,57,none,rent,2,management,1,yes
868,unknown,21,good,car,5248,unknown,1 - 4 years,1,3,26,none,own,1,skilled,1,no
801,unknown,24,good,car,9277,unknown,1 - 4 years,2,4,48,none,other,1,skilled,1,yes
600,< 0 DM,40,critical,education,5998,< 100 DM,1 - 4 years,4,3,27,bank,own,1,skilled,1,yes
850,< 0 DM,12,poor,car,1344,< 100 DM,1 - 4 years,4,2,43,none,own,2,unskilled,2,no
266,unknown,9,good,furniture/appliances,2753,100 - 500 DM,> 7 years,3,4,35,none,own,1,skilled,1,yes
996,< 0 DM,12,very good,education,339,< 100 DM,> 7 years,4,1,45,bank,own,1,unskilled,1,no
530,1 - 200 DM,15,good,furniture/appliances,1444,unknown,< 1 year,4,1,23,none,own,1,skilled,1,no
56,> 200 DM,15,critical,car,2360,500 - 1000 DM,1 - 4 years,2,2,36,none,own,1,skilled,1,yes
121,unknown,30,critical,car,7596,unknown,> 7 years,1,4,63,none,own,2,skilled,1,no
216,unknown,12,critical,car,1163,500 - 1000 DM,1 - 4 years,4,4,44,none,own,1,skilled,1,yes
26,1 - 200 DM,18,perfect,car,2278,100 - 500 DM,< 1 year,3,3,28,none,own,2,skilled,1,no
73,unknown,24,good,furniture/appliances,2284,< 100 DM,4 - 7 years,4,2,28,none,own,1,skilled,1,yes
45,> 200 DM,15,good,business,2687,< 100 DM,4 - 7 years,2,4,26,none,rent,1,skilled,1,yes
248,unknown,12,critical,furniture/appliances,1655,< 100 DM,> 7 years,2,4,63,none,own,2,unskilled,1,yes
722,1 - 200 DM,48,perfect,business,14421,< 100 DM,1 - 4 years,2,2,25,none,own,1,skilled,1,yes
282,> 200 DM,12,critical,car,1480,500 - 1000 DM,unemployed,2,4,66,bank,other,3,unemployed,1,no
894,< 0 DM,6,good,car,14896,< 100 DM,> 7 years,1,4,68,bank,own,1,management,1,yes
915,< 0 DM,6,critical,car,1361,< 100 DM,< 1 year,2,4,40,none,own,1,unskilled,2,no
811,1 - 200 DM,48,very good,business,3566,100 - 500 DM,4 - 7 years,4,2,30,none,own,1,skilled,1,no
245,unknown,36,poor,furniture/appliances,4454,< 100 DM,1 - 4 years,4,4,34,none,own,2,skilled,1,no
823,unknown,12,good,car,1413,> 1000 DM,4 - 7 years,3,2,55,none,own,1,skilled,1,no
322,1 - 200 DM,24,critical,business,2825,unknown,4 - 7 years,4,3,34,none,own,2,skilled,2,yes
644,1 - 200 DM,9,critical,education,1136,> 1000 DM,> 7 years,4,3,32,none,other,2,skilled,2,no
159,unknown,6,good,furniture/appliances,2978,500 - 1000 DM,1 - 4 years,1,2,32,none,own,1,skilled,1,yes
978,1 - 200 DM,48,critical,furniture/appliances,5096,< 100 DM,1 - 4 years,2,3,30,none,own,1,management,1,yes
430,< 0 DM,9,good,car,654,< 100 DM,1 - 4 years,4,3,28,none,own,1,unskilled,1,no
942,1 - 200 DM,9,good,furniture/appliances,1206,< 100 DM,> 7 years,4,4,25,none,own,1,skilled,1,no
463,unknown,36,good,car,8133,< 100 DM,1 - 4 years,1,2,30,bank,own,1,skilled,1,no
310,< 0 DM,24,good,furniture/appliances,2384,< 100 DM,> 7 years,4,4,64,bank,rent,1,unskilled,1,no
698,1 - 200 DM,7,good,furniture/appliances,2576,< 100 DM,1 - 4 years,2,2,35,none,own,1,skilled,1,no
61,unknown,48,critical,furniture/appliances,3578,unknown,> 7 years,4,1,47,none,own,1,skilled,1,yes
885,< 0 DM,24,good,car,915,unknown,> 7 years,4,2,29,bank,own,1,skilled,1,no
596,unknown,33,poor,business,2764,< 100 DM,1 - 4 years,2,2,26,none,own,2,skilled,1,yes
768,> 200 DM,36,good,furniture/appliances,3913,< 100 DM,1 - 4 years,2,2,23,none,own,1,skilled,1,yes
650,< 0 DM,6,critical,car,666,> 1000 DM,4 - 7 years,3,4,39,none,own,2,unskilled,1,yes
651,1 - 200 DM,8,good,furniture/appliances,760,< 100 DM,4 - 7 years,4,2,44,none,own,1,unskilled,1,no
866,unknown,6,critical,car,6761,< 100 DM,4 - 7 years,1,3,45,none,own,2,management,2,yes
669,unknown,42,good,furniture/appliances,7166,unknown,4 - 7 years,2,4,29,none,rent,1,skilled,1,yes
299,unknown,36,good,business,7409,unknown,> 7 years,3,2,37,none,own,2,skilled,1,no
690,< 0 DM,9,good,furniture/appliances,2136,< 100 DM,1 - 4 years,3,2,25,none,own,1,skilled,1,no
315,unknown,48,critical,car,11590,100 - 500 DM,1 - 4 years,2,4,24,bank,rent,2,unskilled,1,no
311,1 - 200 DM,30,good,car,2150,< 100 DM,1 - 4 years,4,2,24,bank,own,1,skilled,1,no
362,< 0 DM,12,good,furniture/appliances,701,< 100 DM,1 - 4 years,4,2,40,none,own,1,unskilled,1,no
480,> 200 DM,21,good,car,2923,100 - 500 DM,1 - 4 years,1,1,28,bank,own,1,management,1,yes
111,1 - 200 DM,15,critical,business,2326,500 - 1000 DM,1 - 4 years,2,4,27,bank,own,1,skilled,1,no
990,< 0 DM,24,very good,furniture/appliances,2483,500 - 1000 DM,1 - 4 years,4,4,22,store,own,1,skilled,1,yes
487,unknown,12,good,car,2445,unknown,< 1 year,2,4,26,none,rent,1,skilled,1,yes
364,> 200 DM,6,critical,car,1343,< 100 DM,> 7 years,1,4,46,none,own,2,skilled,2,no
255,1 - 200 DM,6,good,furniture/appliances,368,unknown,> 7 years,4,4,38,none,own,1,skilled,1,no
260,1 - 200 DM,12,good,car,7472,unknown,unemployed,1,2,24,none,rent,1,unemployed,1,no
803,unknown,24,good,furniture/appliances,3181,< 100 DM,< 1 year,4,4,26,none,own,1,skilled,1,yes
678,unknown,24,good,car,1525,> 1000 DM,4 - 7 years,4,3,34,none,own,1,skilled,2,yes
495,< 0 DM,15,good,car,2511,< 100 DM,unemployed,1,4,23,none,rent,1,skilled,1,no
671,unknown,9,good,car,3577,100 - 500 DM,1 - 4 years,1,2,26,none,rent,1,skilled,2,no
378,1 - 200 DM,12,good,business,1037,100 - 500 DM,4 - 7 years,3,4,39,none,own,1,unskilled,1,no
527,< 0 DM,48,good,education,7476,< 100 DM,4 - 7 years,4,1,50,none,other,1,management,1,yes
846,< 0 DM,48,good,furniture/appliances,3051,< 100 DM,1 - 4 years,3,4,54,none,own,1,skilled,1,no
138,< 0 DM,24,good,car,1442,< 100 DM,4 - 7 years,4,4,23,none,rent,2,skilled,1,no
356,unknown,24,critical,car,6842,unknown,1 - 4 years,2,4,46,none,own,2,management,2,yes
366,unknown,24,very good,business,1559,< 100 DM,4 - 7 years,4,4,50,bank,own,1,skilled,1,yes
943,< 0 DM,18,good,car,976,< 100 DM,< 1 year,1,2,23,none,own,1,unskilled,1,no
750,unknown,24,good,car,6313,unknown,> 7 years,3,4,41,none,own,1,management,2,yes
949,unknown,12,good,furniture/appliances,886,unknown,1 - 4 years,4,2,21,none,own,1,skilled,1,no
830,< 0 DM,6,critical,furniture/appliances,1957,< 100 DM,4 - 7 years,1,4,31,none,own,1,skilled,1,no
657,< 0 DM,12,good,furniture/appliances,741,100 - 500 DM,unemployed,4,3,22,none,own,1,skilled,1,no
200,< 0 DM,12,good,furniture/appliances,1657,< 100 DM,1 - 4 years,2,2,27,none,own,1,skilled,1,no
214,unknown,18,poor,furniture/appliances,1808,< 100 DM,4 - 7 years,4,1,22,none,own,1,skilled,1,no
409,1 - 200 DM,20,good,car,6468,unknown,unemployed,1,4,60,none,own,1,management,1,yes
333,1 - 200 DM,24,good,car,1246,< 100 DM,< 1 year,4,2,23,store,own,1,unskilled,1,no
209,unknown,42,critical,furniture/appliances,4042,500 - 1000 DM,1 - 4 years,4,4,36,none,own,2,skilled,1,yes
614,< 0 DM,18,good,furniture/appliances,1345,< 100 DM,1 - 4 years,4,3,26,bank,own,1,skilled,1,no
79,unknown,12,critical,furniture/appliances,1934,< 100 DM,> 7 years,2,2,26,none,own,2,skilled,1,no
30,unknown,15,good,car,4657,< 100 DM,1 - 4 years,3,2,30,none,own,1,skilled,1,yes
536,unknown,30,good,furniture/appliances,1867,unknown,> 7 years,4,4,58,none,own,1,skilled,1,yes
696,unknown,15,good,furniture/appliances,874,unknown,< 1 year,4,1,24,none,own,1,skilled,1,no
558,1 - 200 DM,18,poor,renovations,6204,< 100 DM,1 - 4 years,2,4,44,none,own,1,unskilled,2,yes
837,unknown,6,good,furniture/appliances,1595,< 100 DM,4 - 7 years,3,2,51,none,own,1,skilled,2,no
597,> 200 DM,12,very good,furniture/appliances,409,> 1000 DM,1 - 4 years,3,3,42,none,rent,2,skilled,1,no
166,unknown,9,good,furniture/appliances,1236,< 100 DM,< 1 year,1,4,23,none,rent,1,skilled,1,yes
919,unknown,18,very good,car,6458,< 100 DM,> 7 years,2,4,39,bank,own,2,management,2,yes
496,unknown,21,critical,furniture/appliances,2288,< 100 DM,< 1 year,4,4,23,none,own,1,skilled,1,yes
825,< 0 DM,12,good,car,3651,> 1000 DM,1 - 4 years,1,3,31,none,own,1,skilled,2,no
66,1 - 200 DM,12,good,furniture/appliances,1158,500 - 1000 DM,1 - 4 years,3,1,26,none,own,1,skilled,1,yes
142,1 - 200 DM,24,critical,furniture/appliances,1216,100 - 500 DM,< 1 year,4,4,38,bank,own,2,skilled,2,no
926,unknown,6,good,furniture/appliances,1346,100 - 500 DM,> 7 years,2,4,42,bank,other,1,skilled,2,yes
828,unknown,9,good,education,3832,unknown,> 7 years,1,4,64,none,own,1,unskilled,1,no
656,< 0 DM,6,good,furniture/appliances,343,< 100 DM,< 1 year,4,1,27,none,own,1,skilled,1,no
332,unknown,6,good,furniture/appliances,1766,< 100 DM,1 - 4 years,1,2,21,none,rent,1,skilled,1,no
665,< 0 DM,48,good,car,10297,< 100 DM,4 - 7 years,4,4,39,store,other,3,skilled,2,yes
250,unknown,24,good,furniture/appliances,5943,unknown,< 1 year,1,1,44,none,own,2,skilled,1,yes
908,< 0 DM,24,very good,car0,1358,unknown,> 7 years,4,3,40,store,own,1,management,1,yes
709,unknown,15,critical,car,3368,> 1000 DM,> 7 years,3,4,23,none,rent,2,skilled,1,yes
306,> 200 DM,10,good,furniture/appliances,1225,< 100 DM,1 - 4 years,2,2,37,none,own,1,skilled,1,yes
735,< 0 DM,24,critical,car,6615,< 100 DM,unemployed,2,4,75,none,other,2,management,1,yes
976,unknown,24,good,car,2679,< 100 DM,< 1 year,4,1,29,none,own,1,management,1,yes
50,> 200 DM,24,critical,furniture/appliances,3148,unknown,1 - 4 years,3,2,31,none,own,2,skilled,1,yes
897,unknown,48,critical,car,8858,unknown,4 - 7 years,2,1,35,none,other,2,skilled,1,yes
3,unknown,18,good,furniture/appliances,4594,< 100 DM,< 1 year,3,2,32,none,own,1,skilled,1,yes
545,< 0 DM,21,critical,car,571,< 100 DM,> 7 years,4,4,65,none,own,2,skilled,1,no
351,1 - 200 DM,24,critical,education,5743,< 100 DM,< 1 year,2,4,24,none,other,2,skilled,1,yes
905,< 0 DM,24,very good,furniture/appliances,2828,500 - 1000 DM,1 - 4 years,4,4,22,store,own,1,skilled,1,yes
537,< 0 DM,18,good,furniture/appliances,1217,< 100 DM,1 - 4 years,4,3,47,none,own,1,unskilled,1,yes
345,unknown,9,good,furniture/appliances,1388,< 100 DM,1 - 4 years,4,2,26,none,rent,1,skilled,1,no
995,< 0 DM,24,good,furniture/appliances,3345,< 100 DM,> 7 years,4,2,39,none,rent,1,management,1,yes
482,< 0 DM,24,good,furniture/appliances,1282,100 - 500 DM,1 - 4 years,4,2,32,none,own,1,unskilled,1,no
576,< 0 DM,9,good,furniture/appliances,1364,< 100 DM,4 - 7 years,3,4,59,none,own,1,skilled,1,no
34,< 0 DM,12,critical,car,2121,< 100 DM,1 - 4 years,4,2,30,none,own,2,skilled,1,no
32,< 0 DM,12,good,car,1274,< 100 DM,< 1 year,3,1,37,none,own,1,unskilled,1,no
232,unknown,36,good,car,909,500 - 1000 DM,> 7 years,4,4,36,none,own,1,skilled,1,no
964,< 0 DM,15,critical,furniture/appliances,1433,< 100 DM,1 - 4 years,4,3,25,none,rent,2,skilled,1,no
193,1 - 200 DM,30,perfect,business,4221,< 100 DM,1 - 4 years,2,1,28,none,own,2,skilled,1,no
334,< 0 DM,30,good,furniture/appliances,3108,< 100 DM,< 1 year,2,4,31,none,own,1,unskilled,1,no
4,1 - 200 DM,12,critical,car,1860,< 100 DM,unemployed,4,2,34,none,own,2,management,1,yes
205,unknown,18,critical,car,3229,unknown,unemployed,2,4,38,none,own,1,management,1,yes
515,< 0 DM,12,perfect,car,1082,< 100 DM,1 - 4 years,4,4,48,bank,own,2,skilled,1,no
800,< 0 DM,24,good,car0,1755,< 100 DM,> 7 years,4,4,58,none,own,1,unskilled,1,yes
307,< 0 DM,18,perfect,furniture/appliances,3114,< 100 DM,< 1 year,1,4,26,none,rent,1,skilled,1,no
110,unknown,15,poor,furniture/appliances,960,> 1000 DM,4 - 7 years,3,2,30,none,own,2,skilled,1,no
431,1 - 200 DM,48,very good,business,6416,< 100 DM,> 7 years,4,3,59,none,rent,1,skilled,1,no
78,1 - 200 DM,8,good,furniture/appliances,1414,< 100 DM,1 - 4 years,4,2,33,none,own,1,skilled,1,no
85,1 - 200 DM,30,poor,furniture/appliances,1919,100 - 500 DM,< 1 year,4,3,30,store,own,2,management,1,no
287,unknown,9,good,furniture/appliances,2301,100 - 500 DM,< 1 year,2,4,22,none,rent,1,skilled,1,no
83,1 - 200 DM,18,critical,furniture/appliances,6361,< 100 DM,> 7 years,2,1,41,none,own,1,skilled,1,yes
992,1 - 200 DM,24,critical,car,7758,> 1000 DM,> 7 years,2,4,29,none,rent,1,skilled,1,no
790,1 - 200 DM,27,critical,furniture/appliances,2520,500 - 1000 DM,1 - 4 years,4,2,23,none,own,2,unskilled,1,no
895,1 - 200 DM,15,perfect,car,1778,< 100 DM,< 1 year,2,1,26,none,rent,2,unemployed,1,no
399,< 0 DM,48,critical,car,6331,< 100 DM,> 7 years,4,4,46,none,other,2,skilled,1,yes
324,< 0 DM,20,critical,furniture/appliances,4272,< 100 DM,> 7 years,1,4,24,none,own,2,skilled,1,no
520,unknown,7,critical,furniture/appliances,730,unknown,> 7 years,4,2,46,none,rent,2,unskilled,1,yes
917,unknown,12,good,furniture/appliances,1768,< 100 DM,1 - 4 years,3,2,24,none,rent,1,unskilled,1,no
923,unknown,12,poor,renovations,1555,> 1000 DM,> 7 years,4,4,55,none,other,2,skilled,2,no
6,< 0 DM,12,critical,car,1409,< 100 DM,> 7 years,4,3,54,none,own,1,skilled,1,no
732,< 0 DM,12,good,furniture/appliances,2577,< 100 DM,1 - 4 years,2,1,42,none,own,1,skilled,1,no
466,unknown,60,critical,car,13756,unknown,> 7 years,2,4,63,bank,other,1,management,1,yes
98,unknown,12,good,car,2133,unknown,> 7 years,4,4,52,none,other,1,management,1,yes
267,unknown,36,good,car,3079,unknown,1 - 4 years,4,4,36,none,own,1,skilled,1,no
358,1 - 200 DM,12,good,furniture/appliances,1103,< 100 DM,4 - 7 years,4,3,29,none,own,2,skilled,1,no
869,< 0 DM,12,perfect,renovations,1108,< 100 DM,4 - 7 years,4,3,28,none,own,2,skilled,1,no
799,< 0 DM,36,good,furniture/appliances,2712,< 100 DM,> 7 years,2,2,41,bank,own,1,skilled,2,no
381,1 - 200 DM,12,critical,car,1804,100 - 500 DM,< 1 year,3,4,44,none,own,1,skilled,1,no
632,unknown,9,critical,furniture/appliances,2406,< 100 DM,unemployed,2,3,31,none,own,1,management,1,no
382,< 0 DM,12,good,furniture/appliances,674,100 - 500 DM,4 - 7 years,4,1,20,none,own,1,skilled,1,no
491,1 - 200 DM,36,good,car,12389,unknown,1 - 4 years,1,4,37,none,other,1,skilled,1,yes
119,unknown,18,critical,furniture/appliances,3780,< 100 DM,< 1 year,3,2,35,none,own,2,management,1,yes
901,> 200 DM,30,critical,furniture/appliances,3656,unknown,> 7 years,4,4,49,store,own,2,unskilled,1,no
251,unknown,36,perfect,renovations,2613,< 100 DM,1 - 4 years,4,2,27,none,own,2,skilled,1,no
524,1 - 200 DM,18,critical,furniture/appliances,3612,< 100 DM,> 7 years,3,4,37,none,own,1,skilled,1,yes
10,1 - 200 DM,36,good,furniture/appliances,2323,< 100 DM,4 - 7 years,4,4,24,none,rent,1,skilled,1,no
197,unknown,18,critical,car,1028,< 100 DM,1 - 4 years,4,3,36,none,own,2,skilled,1,no
604,unknown,12,critical,car,1495,< 100 DM,> 7 years,4,1,38,none,own,2,unskilled,2,no
82,unknown,13,good,furniture/appliances,1409,100 - 500 DM,unemployed,2,4,64,none,own,1,skilled,1,no
784,unknown,36,good,business,5742,100 - 500 DM,4 - 7 years,2,2,31,none,own,2,skilled,1,yes
588,< 0 DM,36,critical,furniture/appliances,5371,< 100 DM,1 - 4 years,3,2,28,none,own,2,skilled,1,no
798,unknown,24,good,furniture/appliances,3235,500 - 1000 DM,> 7 years,3,2,26,none,own,1,management,1,yes
240,unknown,6,good,furniture/appliances,1338,500 - 1000 DM,1 - 4 years,1,4,62,none,own,1,skilled,1,no
291,unknown,6,critical,car,250,> 1000 DM,1 - 4 years,2,2,41,bank,own,2,unskilled,1,no
212,> 200 DM,42,critical,car,4796,< 100 DM,> 7 years,4,4,56,none,other,1,skilled,1,no
718,< 0 DM,24,very good,car,1193,< 100 DM,unemployed,1,4,29,none,rent,2,unemployed,1,no
360,unknown,24,critical,furniture/appliances,2424,unknown,> 7 years,4,4,53,none,own,2,skilled,1,no
450,unknown,7,poor,furniture/appliances,846,unknown,> 7 years,3,4,36,none,other,1,skilled,1,no
228,1 - 200 DM,18,good,furniture/appliances,1924,unknown,< 1 year,4,3,27,none,rent,1,skilled,1,no
951,1 - 200 DM,13,good,furniture/appliances,2101,< 100 DM,< 1 year,2,4,23,none,own,1,unskilled,1,no
947,1 - 200 DM,36,critical,car,5800,< 100 DM,1 - 4 years,3,4,34,none,own,2,skilled,1,yes
797,< 0 DM,30,good,car,3857,< 100 DM,1 - 4 years,4,4,40,none,own,1,management,1,yes
502,1 - 200 DM,6,good,furniture/appliances,2063,< 100 DM,< 1 year,4,3,30,none,rent,1,management,1,yes
465,> 200 DM,30,critical,furniture/appliances,3017,< 100 DM,> 7 years,4,4,47,none,own,1,skilled,1,no
363,1 - 200 DM,36,good,education,3711,unknown,1 - 4 years,2,2,27,none,own,1,skilled,1,no
469,1 - 200 DM,24,critical,car0,11938,< 100 DM,1 - 4 years,2,3,39,none,own,2,management,2,yes
936,< 0 DM,12,good,furniture/appliances,709,< 100 DM,> 7 years,4,4,57,store,own,1,unskilled,1,no
429,unknown,48,critical,business,7629,unknown,> 7 years,4,2,46,bank,own,2,management,2,no
8,> 200 DM,12,good,furniture/appliances,1297,< 100 DM,1 - 4 years,3,4,23,none,rent,1,skilled,1,no
156,< 0 DM,24,poor,car,4870,< 100 DM,1 - 4 years,3,4,53,none,other,2,skilled,2,no
